Metric	Value
PixCorr	0.10865367193448336
SSIM	0.2457386451092723
AlexNet(2)	0.7170940940940941
AlexNet(5)	0.8316566566566567
InceptionV3	0.7493643643643644
CLIP	0.6965685685685685
EffNet-B	0.8969390910546453
SwAV	0.5391172070079959
FwdRetrieval	0.7847778002421061
BwdRetrieval	0.72055557568868
Brain Corr. nsd_general	0.2853916585445404
Brain Corr. V1	0.2507452666759491
Brain Corr. V2	0.2681559920310974
Brain Corr. V3	0.27508512139320374
Brain Corr. V4	0.2579074800014496
Brain Corr. higher_vis	0.28033268451690674
