epoch,train/loss,test/loss,train/lr,train/num_steps,test/num_steps,train/fwd_pct_correct,train/bwd_pct_correct,test/test_fwd_pct_correct,test/test_bwd_pct_correct,train/loss_clip_total,train/loss_blurry_total,train/loss_blurry_cont_total,test/loss_clip_total,train/blurry_pixcorr,test/blurry_pixcorr,train/recon_cossim,test/recon_cossim,train/recon_mse,test/recon_mse,train/loss_prior,test/loss_prior
0,13.648170466064125,17.141664505004883,0.00014257013251517783,93,1,0.4368279569892473,0.34543010752688175,0.3766666650772095,0.1300000101327896,1.8354911948404005,0.6168477509611396,6.006442562226327,3.7918243408203125,0.16735419406685778,0.21923828125,0.7122754563567459,0.0,0.3734644417480756,0.0,0.3734644417480756,0.4449946880340576
1,12.216553800849505,10.591684341430664,0.0002994812383501238,186,2,0.6693548387096774,0.6518817204301075,0.5,0.3166666626930237,0.5470783731709885,0.6025799442363041,5.758876749264297,2.4779579639434814,0.2621652336530788,0.231689453125,0.717684410272106,0.0,0.3693413861015791,0.0,0.3693413861015791,0.27045756578445435
2,10.640958357882756,11.499615669250488,0.00029996974445000145,279,3,0.7311827956989247,0.7217741935483871,0.596666693687439,0.4166666865348816,0.3951985797474301,0.5994997511627853,5.615426227610598,1.9388062953948975,0.24984015187909525,0.243896484375,0.7533955865649766,0.0,0.3221746182409666,0.0,0.3221746182409666,0.3186936378479004
3,11.512103065367668,12.908913612365723,0.0002998720177654521,372,4,0.7298387096774194,0.7513440860215054,0.6100000143051147,0.5166666507720947,0.3752050445445122,0.594790425351871,5.560668560766405,1.7311592102050781,0.3280240951045867,0.1900634765625,0.7317617769523334,0.0,0.3520489781293818,0.0,0.3520489781293818,0.3725918233394623
4,11.923271122799125,13.123641014099121,0.0002997067663013942,465,5,0.771505376344086,0.7795698924731183,0.6033333539962769,0.4833333492279053,0.35067488863984103,0.5895455120712199,5.4877487459490375,1.798011064529419,0.2879212902438256,0.310302734375,0.7209897538026174,0.0,0.3667811986900145,0.0,0.3667811986900145,0.37752100825309753
5,11.81278210301553,14.516633987426758,0.00029947406451479166,558,6,0.7231182795698925,0.7526881720430108,0.6200000047683716,0.5333333611488342,0.35895515359457464,0.5861180693872513,5.524635443123438,1.5346550941467285,0.3261333998813424,0.18408203125,0.7236198292624566,0.0,0.3628178732369536,0.0,0.3628178732369536,0.43273261189460754
6,11.498121205196586,9.074435234069824,0.0002991740172535416,651,7,0.7647849462365591,0.771505376344086,0.6899999976158142,0.5900000333786011,0.30740127612345963,0.5836895005677336,5.474705906324489,1.3747735023498535,0.32157073482390375,0.267822265625,0.729730845779501,0.0,0.3541713302494377,0.0,0.3541713302494377,0.25665539503097534
7,11.433118891972368,10.088772773742676,0.00029880675970923377,744,8,0.7661290322580645,0.7862903225806451,0.6233333349227905,0.5833333730697632,0.3155719754085826,0.5842510109306663,5.413778028180523,1.4366565942764282,0.24774022256174394,0.19677734375,0.7327138172682895,0.0,0.3518244165887115,0.0,0.3518244165887115,0.28840386867523193
8,11.355011032473657,10.80179214477539,0.0002983724573562369,837,9,0.760752688172043,0.7741935483870968,0.643333375453949,0.5633333325386047,0.3287780657610906,0.5846154407788349,5.403153106730471,1.4857087135314941,0.37105150120232694,0.270751953125,0.7343579703761686,0.0,0.3487922530020437,0.0,0.3487922530020437,0.31053608655929565
9,11.40409884401547,11.918876647949219,0.00029787130587714177,930,10,0.7271505376344086,0.7634408602150538,0.6466667056083679,0.596666693687439,0.3059724790985466,0.5823014769502866,5.486272945198961,1.3913187980651855,0.3658916514406922,0.16845703125,0.7333303946320728,0.0,0.35108873584578115,0.0,0.35108873584578115,0.35091862082481384
10,11.726947343477638,11.097665786743164,0.00029730353107459284,1023,11,0.7688172043010753,0.7916666666666666,0.6566666960716248,0.6333333253860474,0.30419172459752647,0.5779601393207427,5.406288198245469,1.303512692451477,0.3296875133309313,0.252197265625,0.7247663226819807,0.0,0.36211537145158296,0.0,0.36211537145158296,0.3264717757701874
11,11.577457412596672,13.367339134216309,0.0002966693887695489,1116,12,0.7553763440860215,0.760752688172043,0.6233333349227905,0.5766666531562805,0.34759111856911534,0.5818429095770723,5.415426536272931,1.4745895862579346,0.3558998518092658,0.295654296875,0.7290624495475523,0.0,0.3556057820397039,0.0,0.3556057820397039,0.3964250087738037
12,11.620842338890158,12.977299690246582,0.0002959691646860184,1209,13,0.7849462365591398,0.7903225806451613,0.6766666769981384,0.6266666650772095,0.28581894798985413,0.5777938801755187,5.382046186795798,1.3137121200561523,0.3141229639771164,0.2264404296875,0.7278869825024759,0.0,0.3592341386823244,0.0,0.3592341386823244,0.388786256313324
13,10.902539673671928,12.11378002166748,0.00029520317432232146,1302,14,0.7701612903225806,0.7862903225806451,0.6466667056083679,0.6133333444595337,0.3228937695604018,0.5793502869144562,5.371339562118695,1.446190595626831,0.2976285872920867,0.20458984375,0.7466933047899635,0.0,0.3340467916380975,0.0,0.3340467916380975,0.35558629035949707
14,11.43772537990283,11.726634979248047,0.00029437176280893644,1395,15,0.739247311827957,0.7486559139784946,0.6500000357627869,0.6166666746139526,0.3175140947944695,0.5761625254026024,5.403878273502473,1.3984410762786865,0.3606004330419725,0.1966552734375,0.7329334462842634,0.0,0.3520645351820095,0.0,0.3520645351820095,0.3442731201648712
15,10.79108593797171,11.87055492401123,0.00029347530475299564,1488,16,0.7741935483870968,0.7862903225806451,0.6800000071525574,0.6399999856948853,0.3027659762770899,0.5758745888228057,5.362387934038716,1.2979495525360107,0.3295997701665407,0.24609375,0.7490697663317445,0.0,0.33107544337549516,0.0,0.33107544337549516,0.3524201810359955
16,11.494250466746669,10.963340759277344,0.00029251420406949894,1581,17,0.7862903225806451,0.8118279569892473,0.6600000262260437,0.6033333539962769,0.28422501983161097,0.569266769834744,5.289558605481219,1.3315025568008423,0.34538006526167675,0.21044921875,0.7307252704456288,0.0,0.35536380560808284,0.0,0.35536380560808284,0.32106125354766846
17,11.188269194736275,11.838552474975586,0.00029148889379932325,1674,18,0.7688172043010753,0.7862903225806451,0.6399999856948853,0.6366666555404663,0.32136124758530527,0.569759617569626,5.343300573287472,1.3602421283721924,0.3111973834294145,0.26025390625,0.7390763785249443,0.0,0.3438287701417682,0.0,0.3438287701417682,0.3492770195007324
18,11.703201832309846,12.352302551269531,0.0002903998359141079,1767,19,0.7419354838709677,0.7620967741935484,0.6466667056083679,0.6399999856948853,0.32217068391882125,0.5760325154950542,5.391798362937025,1.3700296878814697,0.3905954848053635,0.289306640625,0.726033043476843,0.0,0.36078083114598386,0.0,0.36078083114598386,0.3660757839679718
19,11.233318164784421,13.511905670166016,0.0002892475211081055,1860,20,0.7634408602150538,0.7809139784946236,0.6766666769981384,0.6399999856948853,0.28787218051041247,0.5698499121973591,5.306782112326673,1.2611653804779053,0.38585047568044356,0.16455078125,0.7368935423512613,0.0,0.34650606037147585,0.0,0.34650606037147585,0.40835800766944885
20,11.514519691467285,12.831841468811035,0.0002880324685770908,1953,21,0.7446236559139785,0.7674731182795699,0.6700000166893005,0.6700000166893005,0.29941646317370557,0.5726951245338686,5.370763045485302,1.1900560855865479,0.33297413651661206,0.2171630859375,0.7309357168213013,0.0,0.35534058367052385,0.0,0.35534058367052385,0.3880595266819
21,11.14500210362096,11.276286125183105,0.00028675522578442786,2046,22,0.7419354838709677,0.7580645161290323,0.6500000357627869,0.6466667056083679,0.2998331841532021,0.5751850188419383,5.3792881350363455,1.2525615692138672,0.2982648623886929,0.244873046875,0.7407653761166398,0.0,0.3429537304947453,0.0,0.3429537304947453,0.3341241478919983
22,10.945623949009885,12.418594360351562,0.0002854163682144009,2139,23,0.793010752688172,0.8051075268817204,0.7033333778381348,0.6833333373069763,0.2820116130469908,0.5638667024591918,5.293138001554755,1.1003170013427734,0.394154046171455,0.2191162109375,0.7448858580281658,0.0,0.33723407038437425,0.0,0.33723407038437425,0.37727591395378113
23,12.040072492373888,13.101787567138672,0.00028401649911291945,2232,24,0.7768817204301075,0.7970430107526881,0.6766666769981384,0.643333375453949,0.29777957983965914,0.571210818265074,5.258922530758765,1.1670485734939575,0.39598395234795025,0.1790771484375,0.7181491223714684,0.0,0.3731247111353823,0.0,0.3731247111353823,0.39782464504241943
24,11.288433126223985,12.947373390197754,0.0002825722696685993,2325,25,0.7594086021505376,0.7782258064516129,0.6933333277702332,0.6566666960716248,0.31100297604076643,0.5737249549999032,5.322123604436075,1.1878223419189453,0.32416868722566994,0.259521484375,0.7367304797454547,0.0,0.3474820472540394,0.0,0.3474820472540394,0.3919850289821625
25,10.628235763119113,11.798528671264648,0.00028105293550381504,2418,26,0.7876344086021505,0.7795698924731183,0.6600000262260437,0.6833333373069763,0.2997934082998664,0.5686943297104169,5.328019547206099,1.1771336793899536,0.2903670649374685,0.2493896484375,0.7526860573599415,0.0,0.32592314041109494,0.0,0.32592314041109494,0.354046493768692
26,10.751046211488786,9.819944381713867,0.00027947455582920074,2511,27,0.7352150537634409,0.760752688172043,0.6766666769981384,0.6833333373069763,0.31057691878529003,0.5711815607163214,5.383538974228726,1.1968305110931396,0.3705333996844548,0.2220458984375,0.7500495013370309,0.0,0.32952338481141674,0.0,0.32952338481141674,0.2874371111392975
27,11.332418703263805,15.504538536071777,0.00027783784181157793,2604,28,0.7728494623655914,0.7876344086021505,0.6833333373069763,0.6866666674613953,0.25008887704461813,0.5660297268180436,5.312238816292055,1.1662442684173584,0.4271346881825437,0.242919921875,0.7341558074438443,0.0,0.3511234348820102,0.0,0.3511234348820102,0.4779431223869324
28,11.247173963054534,10.887537956237793,0.0002761435309013359,2697,29,0.7580645161290323,0.7903225806451613,0.6733333468437195,0.6833333373069763,0.3013443382236586,0.5659525958440637,5.3066275965782905,1.160172700881958,0.4165044805055024,0.274658203125,0.7380259806110013,0.0,0.3465840641048647,0.0,0.3465840641048647,0.32424551248550415
29,10.974851654421899,10.287066459655762,0.0002743923865001607,2790,30,0.7459677419354839,0.7782258064516129,0.6966666579246521,0.643333375453949,0.29814598190107494,0.5681001704226258,5.328224248783563,1.2111139297485352,0.418620119812668,0.250732421875,0.7439700083066059,0.0,0.3375414797375279,0.0,0.3375414797375279,0.30253174901008606
30,11.714552023077523,10.890033721923828,0.0002725851976170707,2883,31,0.7405913978494624,0.7674731182795699,0.6866666674613953,0.7133333683013916,0.28998221006865305,0.5720535356511351,5.340142962753132,1.1650395393371582,0.3257712907688592,0.2259521484375,0.7257739231791548,0.0,0.36238452968417956,0.0,0.36238452968417956,0.324166476726532
31,10.895341304040723,10.519621849060059,0.00027072277851291504,2976,32,0.7768817204301075,0.7862903225806451,0.7100000381469727,0.699999988079071,0.2798896808057062,0.5662421821266093,5.271295091157318,1.050537109375,0.3931482632954915,0.2783203125,0.7462037949151891,0.0,0.33562552616480856,0.0,0.33562552616480856,0.31563615798950195
32,10.740062800786829,10.755610466003418,0.0002688059683334936,3069,33,0.7701612903225806,0.7889784946236559,0.7166666984558105,0.699999988079071,0.2732201753677009,0.5638605519648521,5.292797991024551,1.0592811107635498,0.3861222626060568,0.23974609375,0.7513045739102108,0.0,0.3306757487276549,0.0,0.3306757487276549,0.3232109844684601
33,11.428116331818284,11.416820526123047,0.00026683563073146525,3162,34,0.7634408602150538,0.771505376344086,0.6866666674613953,0.6600000262260437,0.29130641727267653,0.5698989405426927,5.306838450893279,1.1617286205291748,0.37716747035262405,0.26904296875,0.734907768746858,0.0,0.3528839513178795,0.0,0.3528839513178795,0.3418363928794861
34,10.530855891525105,11.176873207092285,0.0002648126534772139,3255,35,0.7620967741935484,0.7701612903225806,0.6933333277702332,0.6933333277702332,0.2875117791706436,0.5669594032149161,5.289149084398823,1.0971958637237549,0.33695360409316194,0.263916015625,0.7556665366695773,0.0,0.32318023472063,0.0,0.32318023472063,0.33598923683166504
35,10.44794584602438,10.565073013305664,0.0002627379480588481,3348,36,0.7809139784946236,0.7970430107526881,0.6733333468437195,0.699999988079071,0.2784554899209529,0.5656134569516746,5.2567747382707495,1.100372314453125,0.3798321959792927,0.218017578125,0.7567291432811368,0.0,0.3207948273548516,0.0,0.3207948273548516,0.3154900372028351
36,11.133861059783607,11.265693664550781,0.00026061244927151346,3441,37,0.7768817204301075,0.7916666666666666,0.6800000071525574,0.7100000381469727,0.2812949099017167,0.5646162391990743,5.277882678534395,1.0574698448181152,0.3939049833564348,0.197265625,0.7407197215223825,0.0,0.3435454645784952,0.0,0.3435454645784952,0.3402741253376007
37,11.000859893778319,11.314735412597656,0.00025843711479620475,3534,38,0.7567204301075269,0.760752688172043,0.6700000166893005,0.699999988079071,0.28814430188222395,0.5666744590446513,5.3426986971209125,1.1533112525939941,0.4122115924794187,0.30419921875,0.7441269479772096,0.0,0.3387414484575231,0.0,0.3387414484575231,0.3387141525745392
38,11.353617099023634,10.754591941833496,0.0002562129247682654,3627,39,0.7594086021505376,0.7674731182795699,0.6899999976158142,0.6766666769981384,0.299504336445362,0.5639593203862509,5.325624265978413,1.1525622606277466,0.3809051923854377,0.263916015625,0.7359175412885605,0.0,0.35019506033389797,0.0,0.35019506033389797,0.3200676739215851
39,11.34297299897799,10.5543794631958,0.0002539408813357705,3720,40,0.7782258064516129,0.7795698924731183,0.7066667079925537,0.6933333277702332,0.2885609030503259,0.5698944407124673,5.301727966595721,1.0777168273925781,0.3957228147855369,0.2178955078125,0.7350987548469216,0.0,0.35014594963160894,0.0,0.35014594963160894,0.31588876247406006
40,11.497573401338311,11.08212947845459,0.0002516220082079912,3813,41,0.7782258064516129,0.7916666666666666,0.7400000095367432,0.7066667079925537,0.2953950811217549,0.5630490475444383,5.2744577623182725,1.0218744277954102,0.4184325023363995,0.251953125,0.7324391548992485,0.0,0.3552310303334267,0.0,0.3552310303334267,0.33534184098243713
41,11.404159915062689,11.805293083190918,0.00024925735019414437,3906,42,0.7701612903225806,0.7809139784946236,0.699999988079071,0.7166666984558105,0.2824784055031756,0.5652052289055239,5.326298523974675,1.0387450456619263,0.35753053234469506,0.2391357421875,0.7340981582159637,0.0,0.35242546838457867,0.0,0.35242546838457867,0.35888493061065674
42,11.567483214921849,10.725301742553711,0.0002468479727326355,3999,43,0.7916666666666666,0.7956989247311828,0.6899999976158142,0.7133333683013916,0.279862424198498,0.5691065038404157,5.255804723308932,1.0916416645050049,0.4262660857169859,0.273193359375,0.7315506492891619,0.0,0.35800924464579553,0.0,0.35800924464579553,0.32112202048301697
43,11.02326512336731,10.627788543701172,0.0002443949614110064,4092,44,0.7768817204301075,0.7809139784946236,0.7100000381469727,0.7100000381469727,0.29027385442888226,0.5649842087940503,5.273290649537118,1.0194263458251953,0.3799221900201613,0.32958984375,0.7436916667927977,0.0,0.3395611542847849,0.0,0.3395611542847849,0.32027873396873474
44,10.383609956310641,9.030250549316406,0.00024189942147680488,4185,45,0.7620967741935484,0.7728494623655914,0.7100000381469727,0.7166666984558105,0.2723799612590923,0.564392073820996,5.280880594766268,1.074364185333252,0.3455146051222278,0.2344970703125,0.7588544552044202,0.0,0.3188329995960318,0.0,0.3188329995960318,0.26519620418548584
45,10.710917842003607,12.257807731628418,0.00023936247733959574,4278,46,0.7634408602150538,0.7836021505376344,0.6866666674613953,0.6866666674613953,0.27265037389932784,0.5646858135218261,5.2852005189464935,1.0700044631958008,0.3753395080566406,0.293212890625,0.7513974828104819,0.0,0.3297221511602402,0.0,0.3297221511602402,0.3729267716407776
46,11.293223509224513,13.62248420715332,0.0002367852720643382,4371,47,0.7956989247311828,0.8051075268817204,0.6500000357627869,0.6833333373069763,0.28921314958678257,0.560410625191145,5.218276105901246,1.210615634918213,0.44983312135101644,0.285888671875,0.7376248868562842,0.0,0.3487630446431457,0.0,0.3487630446431457,0.4137289226055145
47,11.089880594643214,11.939769744873047,0.00023416896685635793,4464,48,0.760752688172043,0.7661290322580645,0.7066667079925537,0.6933333277702332,0.2752230183680802,0.5670195817947388,5.267195675962714,1.0524539947509766,0.4291263703377016,0.1978759765625,0.7429315543943836,0.0,0.34225960027786995,0.0,0.34225960027786995,0.36291050910949707
48,11.481436739685716,10.844810485839844,0.00023151474053814534,4557,49,0.7405913978494624,0.7741935483870968,0.6399999856948853,0.6533333659172058,0.2737648088324775,0.5645839462998092,5.307955987991825,1.2162528038024902,0.4112077938613071,0.2376708984375,0.732539685182674,0.0,0.3553327384494966,0.0,0.3553327384494966,0.3209519386291504
49,10.399423086515037,11.626602172851562,0.00022885291504360557,4650,50,0.9986559139784946,1.0,0.7733333706855774,0.7300000190734863,0.0043889279355103245,0.5384985942353484,4.770796493817401,0.8787320852279663,0.463725100281418,0.262451171875,0.7537252249256257,0.0,0.32957483339373783,0.0,0.32957483339373783,0.3582623600959778
50,10.509329877873903,10.683887481689453,0.0002261268261297415,4743,51,1.0,0.9986559139784946,0.7866666913032532,0.7566666603088379,0.0012041595914109176,0.5335317850112915,4.755087749932402,0.7911320924758911,0.5361390472740255,0.28369140625,0.750466473000024,0.0,0.3334535140023437,0.0,0.3334535140023437,0.32975852489471436
51,10.40870382965252,12.840424537658691,0.00022336643963409697,4836,52,1.0,1.0,0.8333333730697632,0.7766667008399963,0.00028560847087991565,0.5287290837175103,4.724640877016129,0.7010549902915955,0.5194307552870884,0.258544921875,0.7540072433410152,0.0,0.3302607206247186,0.0,0.3302607206247186,0.4046456813812256
52,10.302880241024878,11.010168075561523,0.0002205729992975297,4929,53,1.0,1.0,0.8566666841506958,0.7900000214576721,0.00024312459548785336,0.5311083598162538,4.732350774990615,0.6634429693222046,0.5291043968610866,0.1885986328125,0.7564789704097215,0.0,0.3266821799259032,0.0,0.3266821799259032,0.344890832901001
53,9.878328113145725,10.451613426208496,0.00021774776375388881,5022,54,1.0,1.0,0.8533333539962769,0.8033333420753479,8.49498272125084e-05,0.5331162630870778,4.696963935770015,0.6647316217422485,0.5146471249159946,0.292236328125,0.7673379086679027,0.0,0.31256122662815994,0.0,0.31256122662815994,0.32622939348220825
54,10.615366469147386,10.279748916625977,0.00021489200596291528,5115,55,0.9986559139784946,1.0,0.8566666841506958,0.8133333325386047,0.0007518286315517247,0.5309800848525058,4.722088726617956,0.6011567115783691,0.5310117660030242,0.23828125,0.7496774613216359,0.0,0.3371006726257263,0.0,0.3371006726257263,0.322619765996933
55,10.157727892680835,9.73145866394043,0.00021200701263668725,5208,56,1.0,1.0,0.8633333444595337,0.8199999928474426,0.00018604255627300293,0.5322325553304406,4.708058311093238,0.5577656030654907,0.49572466778498825,0.31201171875,0.7602718549389993,0.0,0.32186742110918926,0.0,0.32186742110918926,0.3057897686958313
56,10.19328922866493,11.6783447265625,0.00020909408365986926,5301,57,1.0,1.0,0.8766666650772095,0.84333336353302,8.600009551782728e-05,0.5288719874556347,4.687093139976583,0.5462427735328674,0.5073791832052251,0.349365234375,0.7592764900576684,0.0,0.3231470841233448,0.0,0.3231470841233448,0.3710700571537018
57,10.465953652576733,10.54245376586914,0.00020615453150402642,5394,58,1.0,1.0,0.8799999952316284,0.8333333730697632,0.00020165192564136863,0.5288576506158357,4.683051827133343,0.522605299949646,0.5436066658266129,0.278076171875,0.753358498696358,0.0,0.3322390193740527,0.0,0.3322390193740527,0.33399495482444763
58,10.706838407824117,10.427580833435059,0.00020318968063626693,5487,59,1.0,1.0,0.8733333349227905,0.846666693687439,4.887409214457197e-05,0.5245850659826751,4.664632843386743,0.4915812015533447,0.5206886209467406,0.298095703125,0.747182886446676,0.0,0.3403755157224594,0.0,0.3403755157224594,0.3312000036239624
59,9.967875567815637,11.71009349822998,0.0002002008669224803,5580,60,1.0,1.0,0.8833333253860474,0.8400000333786011,1.2646468143629863e-05,0.5228763853990903,4.68726905186971,0.5151041746139526,0.5458008140646001,0.227294921875,0.7645564662512913,0.0,0.31573537480767055,0.0,0.31573537480767055,0.3731662929058075
60,10.359010055500974,10.803059577941895,0.0001971894370254392,5673,61,1.0,1.0,0.89000004529953,0.8199999928474426,6.518065225277311e-05,0.5275201316802732,4.690430994956724,0.5111315250396729,0.5282638713877689,0.2432861328125,0.7557822267214457,0.0,0.3286887746985241,0.0,0.3286887746985241,0.3430642783641815
61,10.422803586529147,9.23486328125,0.00019415674779803686,5766,62,1.0,1.0,0.9033333659172058,0.8600000143051147,2.098649252301701e-05,0.525786381254914,4.689142991137761,0.45219892263412476,0.5097191923408098,0.328125,0.7546507921270145,0.0,0.3308477447398247,0.0,0.3308477447398247,0.29275548458099365
62,10.500541958757626,13.56859302520752,0.00019110416567193303,5859,63,1.0,1.0,0.8833333253860474,0.8700000047683716,1.9033285735969972e-05,0.5269045903477617,4.697530013258739,0.4339265823364258,0.5085624161586967,0.361083984375,0.751599645742806,0.0,0.33340647079611335,0.0,0.33340647079611335,0.43782222270965576
63,10.004534003555134,10.408326148986816,0.00018803306604188414,5952,64,1.0,1.0,0.9000000357627869,0.8700000047683716,6.182942503409584e-06,0.5261238627536322,4.666484478981264,0.4259571433067322,0.4969359367124496,0.34326171875,0.7650238961301824,0.0,0.3169380546577515,0.0,0.3169380546577515,0.33274564146995544
64,10.63436686095371,11.420842170715332,0.00018494483264603487,6045,65,1.0,1.0,0.9033333659172058,0.8600000143051147,9.483129913482694e-06,0.5237001795922557,4.674198068598265,0.4144502282142639,0.5192787416519657,0.282958984375,0.7482398735579624,0.0,0.3379599131563658,0.0,0.3379599131563658,0.3668797016143799
65,10.13492222498822,9.96980094909668,0.00018184085694245038,6138,66,1.0,1.0,0.9033333659172058,0.8600000143051147,2.006915728291797e-05,0.5228115522092388,4.667159834215718,0.4267355799674988,nan,0.3388671875,0.7607220257482221,0.0,0.3213379474416856,0.0,0.3213379474416856,0.3181021809577942
66,10.31129200227799,12.162298202514648,0.0001787225374821706,6231,67,1.0,1.0,0.9066666960716248,0.8566666841506958,5.835019477655483e-06,0.5225943073790561,4.651519683099562,0.42562001943588257,0.5531918105258736,0.318603515625,0.7567929048692027,0.0,0.32724710209395297,0.0,0.32724710209395297,0.39122259616851807
67,10.769652464056527,14.079790115356445,0.00017559127927906803,6324,68,1.0,1.0,0.9300000071525574,0.8600000143051147,1.1608880752780015e-05,0.524326390476637,4.671836714590749,0.38729485869407654,0.5354131883190524,0.2342529296875,0.7459643156297745,0.0,0.3424628627716854,0.0,0.3424628627716854,0.456416517496109
68,10.185162113558862,10.761064529418945,0.00017244849317679436,6417,69,1.0,1.0,0.9133333563804626,0.8633333444595337,4.753742972858975e-05,0.5244409970698818,4.674826637391122,0.39107751846313477,0.5066436439432124,0.29931640625,0.7606025415082132,0.0,0.3229717586630134,0.0,0.3229717586630134,0.34566622972488403
69,10.592370120427942,10.7029447555542,0.00016929559521309948,6510,70,1.0,1.0,0.9133333563804626,0.8700000047683716,1.85284699131392e-06,0.5239988985241101,4.665493129402079,0.37065571546554565,0.5368540774109543,0.2529296875,0.7501986257491573,0.0,0.3365698048183995,0.0,0.3365698048183995,0.34440961480140686
70,9.835557824821882,12.191579818725586,0.00016613400598181118,6603,71,1.0,1.0,0.9066666960716248,0.8566666841506958,1.5789809734961503e-05,0.5216077348237397,4.6537627302190305,0.3951961100101471,0.543854744203629,0.288818359375,0.7678949211233406,0.0,0.3114016687357298,0.0,0.3114016687357298,0.39321279525756836
71,10.12946763089908,9.194838523864746,0.00016296514999276094,6696,72,1.0,1.0,0.9233333468437195,0.8700000047683716,1.8973248086432307e-05,0.5199076568567624,4.651724333404212,0.3429771065711975,0.5639989709341398,0.32275390625,0.7624496811179704,0.0,0.32123028879524557,0.0,0.32123028879524557,0.29506203532218933
72,9.446989197884836,9.648860931396484,0.00015979045502994654,6789,73,1.0,1.0,0.9266666769981384,0.8866667151451111,6.836257169760903e-06,0.5181967266785201,4.661077468625961,0.3542937636375427,0.5470226657006049,0.300537109375,0.7779124500930951,0.0,0.2984943374670962,0.0,0.2984943374670962,0.30981889367103577
73,10.355489864144275,9.769314765930176,0.00015661135150821817,6882,74,1.0,1.0,0.9166666865348816,0.8833333253860474,6.0175471980249814e-06,0.5217886336388127,4.651437872199602,0.35083135962486267,0.5300868864982359,0.27587890625,0.7561158172545894,0.0,0.3287339202498877,0.0,0.3287339202498877,0.31394946575164795
74,10.141002662720219,9.957021713256836,0.00015342927182878036,6975,75,1.0,1.0,0.9100000262260437,0.893333375453949,1.4644365668067248e-05,0.5212353964646658,4.661663604039018,0.3415602445602417,0.5270789361769154,0.258056640625,0.7619263606686746,0.0,0.3215762409631924,0.0,0.3215762409631924,0.32051536440849304
75,10.719062589829967,11.307208061218262,0.00015024564973379774,7068,76,1.0,1.0,0.9233333468437195,0.8866667151451111,1.4753242868655856e-05,0.5199105355047411,4.648441017314952,0.3403128385543823,0.5338791057627689,0.26953125,0.7480843579897316,0.0,0.34088901782869013,0.0,0.34088901782869013,0.36556318402290344
76,10.36420892387308,12.005422592163086,0.00014706191966039762,7161,77,1.0,1.0,0.9266666769981384,0.8833333253860474,8.871235197454007e-06,0.5213537331550352,4.667302029107207,0.3315293788909912,nan,0.27197265625,0.7563951310291085,0.0,0.32900527175716177,0.0,0.32900527175716177,0.38912975788116455
77,9.939809599230367,9.533985137939453,0.00014387951609435892,7254,78,1.0,1.0,0.9266666769981384,0.89000004529953,3.863242516688936e-06,0.5208766569373429,4.666962838942005,0.3270236849784851,0.559112548828125,0.316650390625,0.7661444294837213,0.0,0.314867308703802,0.0,0.314867308703802,0.30689871311187744
78,10.078939545539118,11.853314399719238,0.0001406998729237791,7347,79,1.0,1.0,0.9433333277702332,0.893333375453949,6.610394772144568e-06,0.5196336706479391,4.642628433883831,0.29626190662384033,0.5337951003864247,0.279541015625,0.7633442712086503,0.0,0.3195661557938463,0.0,0.3195661557938463,0.38523510098457336
79,10.391922894344535,11.220542907714844,0.00013752442279301095,7440,80,1.0,1.0,0.9333333373069763,0.8733333349227905,8.602689375864365e-06,0.5198042386321611,4.670248267471149,0.3323381543159485,nan,0.309814453125,0.7557505003867611,0.0,0.3299499923183072,0.0,0.3299499923183072,0.3629401624202728
80,9.62859538806382,10.516637802124023,0.00013435459645715902,7533,81,1.0,1.0,0.9399999976158142,0.8733333349227905,2.7681088497172383e-06,0.5171598737598747,4.646459610231461,0.31592974066734314,0.529438962218582,0.3447265625,0.7732153047797501,0.0,0.30458965881537364,0.0,0.30458965881537364,0.34002360701560974
81,9.99932748271573,11.356440544128418,0.00013119182213742778,7626,82,1.0,1.0,0.9366666674613953,0.8833333253860474,8.188675085138102e-06,0.5169276409251715,4.629110572158649,0.3056448996067047,0.5406835412466398,0.28125,0.7658755311401941,0.0,0.3169799980617339,0.0,0.3169799980617339,0.36835986375808716
82,10.482949687588599,9.683462142944336,0.0001280375248776115,7719,83,1.0,1.0,0.9433333277702332,0.8866667151451111,2.988826945828366e-05,0.5179090926083185,4.632075894263483,0.3003350496292114,0.5350407426075269,0.26123046875,0.7531458825193426,0.0,0.33307871382723575,0.0,0.33307871382723575,0.31277090311050415
83,10.215482722046556,9.185993194580078,0.00012489312590201524,7812,84,1.0,1.0,0.9366666674613953,0.89000004529953,1.748431061891421e-06,0.5165653321691739,4.640954868767851,0.2868867516517639,0.5775533696656586,0.33642578125,0.7603212646258775,0.0,0.3241716892488541,0.0,0.3241716892488541,0.2966368794441223
84,10.033690334648215,8.836482048034668,0.00012176004197509763,7905,85,1.0,1.0,0.9399999976158142,0.8833333253860474,2.1466538213713594e-06,0.5170584253726467,4.615275034340479,0.3081905245780945,0.5308362078923051,0.263916015625,0.7658116779019756,0.0,0.31814650958904656,0.0,0.31814650958904656,0.28427639603614807
85,9.780323797656644,12.296072006225586,0.00011863968476312244,7998,86,1.0,1.0,0.9366666674613953,0.8799999952316284,5.892572973154162e-06,0.5151312517863448,4.632961493666454,0.3053909242153168,nan,0.255615234375,0.7708154282262248,0.0,0.30970347664689507,0.0,0.30970347664689507,0.39968934655189514
86,9.575201260146274,11.59457778930664,0.00011553346019810705,8091,87,1.0,1.0,0.9533333778381348,0.8833333253860474,1.2495158476244136e-05,0.5193026136326534,4.629261580846643,0.2954975366592407,nan,0.293701171875,0.7752468874377589,0.0,0.3028024812379191,0.0,0.3028024812379191,0.37663599848747253
87,10.254435734082294,12.291478157043457,0.00011244276784435565,8184,88,1.0,1.0,0.9399999976158142,0.8866667151451111,2.0307591681470418e-06,0.5164280764518245,4.623777568981212,0.29927879571914673,0.5568877189390121,0.3447265625,0.7589658059740579,0.0,0.3255010282480589,0.0,0.3255010282480589,0.39973998069763184
88,10.045045211750974,8.907828330993652,0.00010936900026786036,8277,89,1.0,1.0,0.9399999976158142,0.8833333253860474,0.00011467421786982054,0.5132016850415096,4.626842821798017,0.2894380986690521,0.5794310210853495,0.33251953125,0.7638358111663531,0.0,0.31856625246745285,0.0,0.31856625246745285,0.2872796654701233
89,9.680203909515052,10.103890419006348,0.00010631354240885618,8370,90,1.0,1.0,0.9300000071525574,0.8766666650772095,1.379081736597457e-06,0.5151445846403798,4.6479236131073325,0.2930774390697479,0.5610213741179435,0.2998046875,0.7729952348175869,0.0,0.3063411370560687,0.0,0.3063411370560687,0.3270271122455597
90,9.90896140375445,11.135626792907715,0.00010327777095781173,8463,91,1.0,1.0,0.9399999976158142,0.8799999952316284,2.8384656053024506e-06,0.5175891547433792,4.634585775354857,0.2874138653278351,0.5438931372857863,0.2861328125,0.7674936254819235,0.0,0.31394782438073104,0.0,0.31394782438073104,0.3616071045398712
91,10.152329729449365,11.22623062133789,0.00010026305373513696,8556,92,1.0,1.0,0.9433333277702332,0.8833333253860474,3.347150398204663e-06,0.5153475282012775,4.620763717159148,0.28698602318763733,0.555123277889785,0.1988525390625,0.7618458091571767,0.0,0.32212048128087034,0.0,0.32212048128087034,0.3646414875984192
92,10.726081494362123,12.074079513549805,9.727074907488781e-05,8649,93,1.0,1.0,0.9366666674613953,0.9066666960716248,1.689507354491811e-06,0.5119266144690975,4.628085490195982,0.2678256034851074,0.5366184685819892,0.276611328125,0.7480502961784281,0.0,0.3412904105679963,0.0,0.3412904105679963,0.39354178309440613
93,9.641316429261238,10.610363960266113,9.430220521274448e-05,8742,94,1.0,1.0,0.9333333373069763,0.9000000357627869,1.9338964846003738e-06,0.5166799294692214,4.612672175130537,0.2827967405319214,0.5457145116662466,0.30810546875,0.7741418493691311,0.0,0.30507803011325096,0.0,0.30507803011325096,0.34425222873687744
94,10.031115470394012,10.791219711303711,9.13587596785402e-05,8835,95,1.0,1.0,0.9399999976158142,0.9000000357627869,3.2594152097092873e-06,0.5146323609095748,4.621813856145387,0.2752261459827423,0.5098733389249412,0.280029296875,0.7643603692131657,0.0,0.31809018231848235,0.0,0.31809018231848235,0.3505330979824066
95,10.151456530376148,8.419238090515137,8.844173869361363e-05,8928,96,1.0,1.0,0.9433333277702332,0.9033333659172058,4.80374999516221e-06,0.5149549271470757,4.649800049361362,0.25878584384918213,0.5725573467951949,0.310791015625,0.7636620011380924,0.0,0.3220494750847099,0.0,0.3220494750847099,0.2720150649547577
96,9.950941096069993,11.218214988708496,8.555245657325621e-05,9021,97,1.0,1.0,0.9433333277702332,0.8966667056083679,1.8013273874667983e-06,0.5136390091270528,4.633219959915325,0.25715938210487366,0.556489021547379,0.2880859375,0.7657393358087027,0.0,0.31541529369931065,0.0,0.31541529369931065,0.365368515253067
97,10.348568521520143,10.020167350769043,8.269221513452448e-05,9114,98,1.0,1.0,0.9433333277702332,0.9000000357627869,5.733975874207011e-06,0.5140393600668959,4.62243317532283,0.263058602809906,0.5881360782090054,0.23193359375,0.7577684252492843,0.0,0.3286807187782821,0.0,0.3286807187782821,0.3252369463443756
98,9.795213558340585,11.228452682495117,7.986230310968324e-05,9207,99,1.0,1.0,0.9500000476837158,0.9000000357627869,5.026038088551996e-06,0.5131934144163645,4.642003382405927,0.2517206370830536,0.5765197097614247,0.28369140625,0.7703328363357052,0.0,0.3102170558225724,0.0,0.3102170558225724,0.36589106917381287
99,9.964723745981852,10.616950988769531,7.706399556554453e-05,9300,100,1.0,1.0,0.9466667175292969,0.8966667056083679,7.521808861791941e-06,0.513923575801234,4.632672258602676,0.2496558427810669,0.5270946051484795,0.2469482421875,0.7665237547248922,0.0,0.315870695697364,0.0,0.315870695697364,0.3455764949321747
100,10.370655903252223,10.40762710571289,7.429855332896377e-05,9393,101,1.0,1.0,0.9500000476837158,0.8966667056083679,1.6777671340878427e-06,0.5131644398294469,4.640877011001751,0.25356048345565796,0.5833162697412635,0.23974609375,0.7566544964749325,0.0,0.32940093844488105,0.0,0.32940093844488105,0.33846890926361084
101,10.292745210791146,11.050224304199219,7.156722241875202e-05,9486,102,1.0,1.0,0.9433333277702332,0.9066666960716248,6.337250592941486e-06,0.5108202010072688,4.6219080648114605,0.2555025517940521,0.5762868081369708,0.31005859375,0.7596110035014408,0.0,0.326874446965033,0.0,0.326874446965033,0.3598240613937378
102,9.962857205380676,11.614853858947754,6.887123348426007e-05,9579,103,1.0,1.0,0.9433333277702332,0.9066666960716248,1.6588271955145558e-06,0.5108137412737774,4.614352118584417,0.24315157532691956,0.5819905598958334,0.28369140625,0.7671465937809278,0.0,0.31589103498125587,0.0,0.31589103498125587,0.37905675172805786
103,10.020352127731487,9.8820161819458,6.62118012508879e-05,9672,104,1.0,1.0,0.9500000476837158,0.9133333563804626,1.8582723625343e-06,0.5111939019413405,4.615769094036471,0.252937912940979,0.5900170110887096,0.26953125,0.765861931667533,0.0,0.3177988304085629,0.0,0.3177988304085629,0.32096925377845764
104,9.847202562516735,11.177587509155273,6.359012397276835e-05,9765,105,1.0,1.0,0.9533333778381348,0.9066666960716248,3.3997253150978144e-06,0.5125554979488414,4.658402806969099,0.24724723398685455,0.5844582178259409,0.355224609375,0.7680419260455716,0.0,0.3119333778177538,0.0,0.3119333778177538,0.36434465646743774
105,9.745951160307854,9.189157485961914,6.100738289287287e-05,9858,106,1.0,1.0,0.9466667175292969,0.9033333659172058,3.2939457718656334e-06,0.5103836642798557,4.625244243170625,0.24215121567249298,0.6053099273353495,0.283935546875,0.7720640929796363,0.0,0.30864979623145955,0.0,0.30864979623145955,0.2982335388660431
106,10.072441201056204,11.812051773071289,5.8464741710781757e-05,9951,107,1.0,1.0,0.9466667175292969,0.9000000357627869,3.4517130900907534e-06,0.5097690003533517,4.635727795221472,0.2471294105052948,0.5760642431115591,0.302978515625,0.7637627637514504,0.0,0.31952556334836507,0.0,0.31952556334836507,0.38549742102622986
107,9.770329178020518,9.838762283325195,5.5963346058358204e-05,10044,108,1.0,1.0,0.9500000476837158,0.9033333659172058,5.2969468793406804e-06,0.5088014086728455,4.627216882603143,0.24220940470695496,0.5664666288642473,0.30712890625,0.7714684612007552,0.0,0.3094854149767148,0.0,0.3094854149767148,0.31988510489463806
108,10.110376140122773,9.595946311950684,5.350432298356428e-05,10137,109,1.0,1.0,0.9433333277702332,0.8966667056083679,4.4585581565793945e-06,0.5091550693076144,4.640369722920079,0.24242305755615234,nan,0.2978515625,0.7633145195181652,0.0,0.32079252312260287,0.0,0.32079252312260287,0.31178411841392517
109,9.953075614026798,10.072906494140625,5.1088780442649216e-05,10230,110,1.0,1.0,0.9433333277702332,0.9166666865348816,4.559183428655934e-06,0.511689498860349,4.650412508236465,0.23306059837341309,0.55804443359375,0.327880859375,0.7680957189170263,0.0,0.3154901903002493,0.0,0.3154901903002493,0.32799485325813293
110,10.301976567955426,10.5106782913208,4.8717806800940266e-05,10323,111,1.0,1.0,0.9466667175292969,0.9200000166893005,8.654897236642026e-06,0.5091446368925033,4.606023342378678,0.23209398984909058,0.5628091135332661,0.263916015625,0.7591409048726482,0.0,0.32723647948875223,0.0,0.32723647948875223,0.34261947870254517
111,9.876638222766179,11.36855411529541,4.6392470342460514e-05,10416,112,1.0,1.0,0.9466667175292969,0.9066666960716248,3.994958667072245e-06,0.5098039270729147,4.628709449562975,0.24065861105918884,0.5627690797211021,0.2646484375,0.7684716864298748,0.0,0.3130098927405573,0.0,0.3130098927405573,0.3709298372268677
112,9.636660522030246,10.148344993591309,4.41138187885945e-05,10509,113,1.0,1.0,0.9533333778381348,0.9033333659172058,6.29400050623233e-06,0.508247858734541,4.617642279594175,0.23433417081832886,0.6001252205141129,0.296875,0.7755673598217708,0.0,0.3050549390014782,0.0,0.3050549390014782,0.3304670453071594
113,9.592520121605165,11.055140495300293,4.188287882601908e-05,10602,114,1.0,1.0,0.9433333277702332,0.9033333659172058,5.950924298903929e-06,0.5085884406361528,4.630744723863499,0.23844844102859497,0.5763910355106476,0.35205078125,0.7750168103043751,0.0,0.30355609120220267,0.0,0.30355609120220267,0.360556423664093
114,10.093762531075427,13.323282241821289,3.970065564411163e-05,10695,115,1.0,1.0,0.9466667175292969,0.9100000262260437,4.575578530347973e-06,0.5084065484103336,4.616540749867757,0.23679569363594055,0.5737216088079637,0.360107421875,0.7652208176992272,0.0,0.3202909204748369,0.0,0.3202909204748369,0.43621623516082764
115,9.974378596069993,12.916889190673828,3.756813248204389e-05,10788,116,1.0,1.0,0.9500000476837158,0.9133333563804626,4.612549005277933e-06,0.5108901143714946,4.648007264701269,0.23305809497833252,0.5782552739625336,0.290283203125,0.7669073964959832,0.0,0.316217619725453,0.0,0.316217619725453,0.422794371843338
116,9.421543152101579,11.028287887573242,3.548627018576657e-05,10881,117,1.0,1.0,0.9500000476837158,0.9133333563804626,3.2753803102006104e-06,0.5098135932799308,4.635468898280974,0.23364749550819397,nan,0.31884765625,0.7811293935263028,0.0,0.29782865540955655,0.0,0.29782865540955655,0.3598213493824005
117,9.587728202983897,12.156018257141113,3.345600677508311e-05,10974,118,1.0,1.0,0.9466667175292969,0.9166666865348816,3.743370101005894e-06,0.5075800995672902,4.628742294926798,0.23401284217834473,0.5604405556955645,0.3369140625,0.7758099097077564,0.0,0.3034165783595013,0.0,0.3034165783595013,0.3974002003669739
118,9.519129565967027,9.401226043701172,3.147825702100825e-05,11067,119,1.0,1.0,0.9466667175292969,0.9066666960716248,7.514610919798006e-06,0.5096425122471266,4.636907982569869,0.22831197082996368,0.592337659610215,0.2998046875,0.7786306001806772,0.0,0.30108184808044025,0.0,0.30108184808044025,0.3057638108730316
119,10.26295450169553,8.825295448303223,2.9553912033601944e-05,11160,120,1.0,1.0,0.9466667175292969,0.9100000262260437,4.593443793151141e-06,0.5109684595497705,4.637143499107771,0.2317345142364502,0.5485078545026881,0.25146484375,0.7599769003929631,0.0,0.3258536176014972,0.0,0.3258536176014972,0.286452054977417
120,9.755686854803434,10.406835556030273,2.768383886046374e-05,11253,121,1.0,1.0,0.9466667175292969,0.9100000262260437,6.80450210765418e-06,0.5097641198224919,4.606593793438327,0.23029106855392456,0.5700905092300907,0.3037109375,0.7719325506558983,0.0,0.3090156132495531,0.0,0.3090156132495531,0.3392181396484375
121,9.113242010916434,8.7413330078125,2.5868880096069522e-05,11346,122,1.0,1.0,0.9466667175292969,0.9133333563804626,2.7655523891265878e-05,0.5076076413995476,4.62411468772478,0.2293105125427246,nan,0.308349609375,0.7881064485478145,0.0,0.2876068282351699,0.0,0.2876068282351699,0.2837340533733368
122,9.584913123038508,11.437004089355469,2.4109853502125498e-05,11439,123,1.0,1.0,0.9433333277702332,0.9100000262260437,4.021462232120969e-06,0.5073132011839139,4.619661531140728,0.231637105345726,0.5630004226520497,0.3046875,0.7755321828267907,0.0,0.30334231666018885,0.0,0.30334231666018885,0.37351223826408386
123,10.253091391696724,9.664124488830566,2.2407551639111083e-05,11532,124,1.0,1.0,0.9433333277702332,0.9066666960716248,5.38304492956881e-06,0.5095233455781014,4.6478042551266245,0.23186232149600983,0.5926300376974126,0.317626953125,0.7601725074552721,0.0,0.32553113756641266,0.0,0.32553113756641266,0.3144087493419647
124,10.330208716853972,10.738081932067871,2.0762741509177098e-05,11625,125,1.0,1.0,0.9466667175292969,0.9100000262260437,1.2626877374073683e-05,0.5069344309709405,4.6413062208442275,0.22457611560821533,nan,0.27978515625,0.7589288103965021,0.0,0.3281554514041511,0.0,0.3281554514041511,0.35045018792152405
125,10.388982034498646,10.95783519744873,1.9176164210559325e-05,11718,126,1.0,1.0,0.9500000476837158,0.9133333563804626,7.847116710269182e-06,0.507962054462843,4.622805528743292,0.2241302728652954,0.6126695858534946,0.3193359375,0.7571236798840184,0.0,0.33012842939745995,0.0,0.33012842939745995,0.35779014229774475
126,9.73349683002759,10.249558448791504,1.7648534603663402e-05,11811,127,1.0,1.0,0.9433333277702332,0.9100000262260437,1.1703180925597388e-05,0.5073456905221426,4.636375206772999,0.227323979139328,0.5599581810735887,0.30419921875,0.7725028799426171,0.0,0.3082664508813171,0.0,0.3082664508813171,0.3340744972229004
127,9.831450198286323,10.118464469909668,1.618054098897211e-05,11904,128,1.0,1.0,0.9433333277702332,0.9066666960716248,1.2905135411760392e-05,0.5111524683813895,4.61567501355243,0.22727733850479126,0.5655176306283602,0.23193359375,0.7694273520541447,0.0,0.31150257547375976,0.0,0.31150257547375976,0.32970622181892395
128,9.786821124374226,10.656785011291504,1.4772844796919282e-05,11997,129,1.0,1.0,0.9433333277702332,0.9233333468437195,1.4585747812565808e-05,0.5056493497023018,4.608080346097228,0.22725728154182434,0.5727617817540323,0.27685546875,0.7715921908296565,0.0,0.31011926310677684,0.0,0.31011926310677684,0.3476509153842926
129,9.806020434184742,11.488906860351562,1.3426080289870775e-05,12090,130,1.0,1.0,0.9433333277702332,0.9133333563804626,2.094937937246663e-05,0.5052163056147996,4.621932727034374,0.22850672900676727,0.569752682921707,0.3095703125,0.7708424400257808,0.0,0.31074316030548466,0.0,0.31074316030548466,0.37534666061401367
130,9.476300575399911,10.402952194213867,1.214085427634626e-05,12183,131,1.0,1.0,0.9433333277702332,0.9166666865348816,1.3235790045469639e-05,0.5066424364684731,4.5861775387999835,0.22757579386234283,0.5919123823924731,0.3046875,0.7787468990971965,0.0,0.29978857381689933,0.0,0.29978857381689933,0.3391791880130768
131,9.3898971772963,10.414525032043457,1.0917745837610885e-05,12276,132,1.0,1.0,0.9433333277702332,0.9166666865348816,2.1495085307578015e-05,0.5070225740632703,4.616862240658011,0.22712311148643494,0.5819167270455309,0.311767578125,0.7806427562108604,0.0,0.29685070670099667,0.0,0.29685070670099667,0.33958005905151367
132,9.852710113730481,11.767111778259277,9.757306066760254e-06,12369,133,1.0,1.0,0.9433333277702332,0.9166666865348816,1.879973641382304e-05,0.5075934913850599,4.628569151765557,0.22568129003047943,nan,0.2015380859375,0.7687325618600332,0.0,0.3122488688076696,0.0,0.3122488688076696,0.3847143352031708
133,9.896167098834951,11.283963203430176,8.66005782041535e-06,12462,134,1.0,1.0,0.9433333277702332,0.9100000262260437,1.1153506282839135e-05,0.5080601963945615,4.632874719558224,0.22541053593158722,nan,0.26708984375,0.7692049825063316,0.0,0.31368273448559547,0.0,0.31368273448559547,0.3686184287071228
134,10.067466382057436,9.334381103515625,7.626495483140517e-06,12555,135,1.0,1.0,0.9500000476837158,0.9133333563804626,1.0986194165684293e-05,0.5066677469720122,4.633611935441212,0.22503447532653809,0.5767756636424731,0.329833984375,0.7644497066415766,0.0,0.31941469750737633,0.0,0.31941469750737633,0.30364489555358887
135,9.66066921910932,10.742613792419434,6.657084744689677e-06,12648,136,1.0,1.0,0.9466667175292969,0.9133333563804626,1.2173756436561567e-05,0.5063142206079216,4.631034081982028,0.22578474879264832,0.5713612546202957,0.2447509765625,0.7739157016559314,0.0,0.3058649387250664,0.0,0.3058649387250664,0.3505609929561615
136,9.706236159929665,10.214934349060059,5.752262390181574e-06,12741,137,1.0,1.0,0.9466667175292969,0.9133333563804626,1.4581202759409988e-05,0.5067363900523032,4.610529017704789,0.22517922520637512,0.5838124264952957,0.3408203125,0.7730849487807161,0.0,0.30741089822784545,0.0,0.30741089822784545,0.3329918086528778
137,9.927799099235125,8.957695007324219,4.9124361032985765e-06,12834,138,1.0,1.0,0.9433333277702332,0.9166666865348816,8.941411820881522e-06,0.506503439077767,4.6302176854943715,0.22488641738891602,0.5891152658770161,0.2705078125,0.766619211243045,0.0,0.31476758364387736,0.0,0.31476758364387736,0.2910936176776886
138,10.047041672532277,8.47296142578125,4.137984282597551e-06,12927,139,1.0,1.0,0.9433333277702332,0.9100000262260437,8.011375781225852e-06,0.5072528293696783,4.60978086533085,0.22478392720222473,0.5890519336987567,0.25439453125,0.764862391256517,0.0,0.31876394152641296,0.0,0.31876394152641296,0.27493923902511597
139,10.409062688068676,8.525140762329102,3.4292558710157498e-06,13020,140,1.0,1.0,0.9433333277702332,0.9133333563804626,2.4161247915218663e-05,0.5062683096496008,4.604573254944176,0.22458145022392273,0.5880907940608199,0.260009765625,0.7564877335743238,0.0,0.33085585874254986,0.0,0.33085585874254986,0.27668529748916626
140,10.109458390102592,9.226690292358398,2.7865701986484078e-06,13113,141,1.0,1.0,0.9433333277702332,0.9166666865348816,2.7631008378186322e-05,0.5059053583811688,4.624000051970123,0.22436445951461792,0.5722157468077957,0.321533203125,0.7635486971947455,0.0,0.3208426003174115,0.0,0.3208426003174115,0.30007752776145935
141,9.867883559196226,8.171455383300781,2.210216838868891e-06,13206,142,1.0,1.0,0.9433333277702332,0.9133333563804626,1.0220031009368164e-05,0.5086672959789154,4.619819410385624,0.2245684266090393,nan,0.30859375,0.7706164121627808,0.0,0.3127516242124701,0.0,0.3127516242124701,0.2648962140083313
142,9.943784559926678,9.732063293457031,1.7004554778563203e-06,13299,143,1.0,1.0,0.9433333277702332,0.9133333563804626,8.87772434116145e-06,0.509135070667472,4.602559945916616,0.22520498931407928,0.5593294533350135,0.29248046875,0.7686979155386647,0.0,0.3153026745684685,0.0,0.3153026745684685,0.3168952763080597
143,9.86341291858304,9.704378128051758,1.257515797589503e-06,13392,144,1.0,1.0,0.9433333277702332,0.9133333563804626,1.6314840267693485e-05,0.5054294005517037,4.63122034072876,0.22516226768493652,0.5841609175487231,0.3916015625,0.7688206850841481,0.0,0.3126373619482081,0.0,0.3126373619482081,0.31597384810447693
144,9.929188215604393,9.629083633422852,8.81597372359405e-07,13485,145,1.0,1.0,0.9433333277702332,0.9166666865348816,2.7729049024984425e-05,0.5035778261641021,4.618724787107078,0.22510170936584473,0.6233487693212365,0.24658203125,0.7679446333198137,0.0,0.3148811763973646,0.0,0.3148811763973646,0.31346607208251953
145,10.118580843812676,12.139042854309082,5.728695788476657e-07,13578,146,1.0,1.0,0.9433333277702332,0.9166666865348816,1.4083564639641951e-05,0.5065705343600242,4.62268784225628,0.22537380456924438,0.5887792443716398,0.2135009765625,0.7643190782557252,0.0,0.32113823727253943,0.0,0.32113823727253943,0.3971222937107086
146,10.333289561733123,12.49705696105957,3.314715198108477e-07,13671,147,1.0,1.0,0.9433333277702332,0.9133333563804626,2.3459077840226368e-05,0.5088911908929066,4.621581333939747,0.22525149583816528,0.5682629000756049,0.309814453125,0.7583221805992947,0.0,0.32825804742113235,0.0,0.32825804742113235,0.40906018018722534
147,10.619621974165721,11.85429573059082,1.5751196140523187e-07,13764,148,1.0,1.0,0.9433333277702332,0.9133333563804626,3.195520884343227e-05,0.5061456990498369,4.597480097124653,0.225246861577034,nan,0.3681640625,0.7516794730258244,0.0,0.33788810590262053,0.0,0.33788810590262053,0.3876349627971649
148,10.075961236030825,9.370919227600098,5.106928418033035e-08,13857,149,1.0,1.0,0.9433333277702332,0.9133333563804626,1.4742854930055747e-05,0.5054676692972901,4.598618486876129,0.2252865433692932,0.5998207010248656,0.296142578125,0.7641544374086524,0.0,0.31977605659474606,0.0,0.31977605659474606,0.3048544228076935
149,9.982651377236971,10.166399002075195,1.219144776311651e-08,13950,150,1.0,1.0,0.9433333277702332,0.9133333563804626,1.593141744783386e-05,0.5063239223854517,4.6172744484357935,0.22515350580215454,0.6119004116263441,0.278564453125,0.7660876320254418,0.0,0.3166203264908124,0.0,0.3166203264908124,0.3313748240470886
